mdrm_code,name,03/31/2001,06/30/2001,09/30/2001,12/31/2001,03/31/2002,06/30/2002,09/30/2002,12/31/2002,03/31/2003,06/30/2003,09/30/2003,12/31/2003,03/31/2004,06/30/2004,09/30/2004,12/31/2004,03/31/2005,06/30/2005,09/30/2005,12/31/2005,03/31/2006,06/30/2006,09/30/2006,12/31/2006,03/31/2007,06/30/2007,09/30/2007,12/31/2007,03/31/2008,06/30/2008,09/30/2008,12/31/2008,03/31/2009,06/30/2009,09/30/2009,12/31/2009,03/31/2010,06/30/2010,09/30/2010,12/31/2010,03/31/2011,06/30/2011,09/30/2011,12/31/2011,03/31/2012,06/30/2012,09/30/2012,12/31/2012,03/31/2013,06/30/2013,09/30/2013,12/31/2013,03/31/2014,06/30/2014,09/30/2014,12/31/2014,03/31/2015,06/30/2015,09/30/2015,12/31/2015,03/31/2016,06/30/2016,09/30/2016,12/31/2016,03/31/2017,06/30/2017,09/30/2017,12/31/2017,03/31/2018,06/30/2018,09/30/2018,12/31/2018,03/31/2019,06/30/2019,09/30/2019,12/31/2019,03/31/2020,06/30/2020,09/30/2020,12/31/2020,03/31/2021,06/30/2021,09/30/2021,12/31/2021,03/31/2022,06/30/2022,09/30/2022,12/31/2022,03/31/2023,06/30/2023,09/30/2023,12/31/2023,03/31/2024,06/30/2024,09/30/2024,12/31/2024,03/31/2025,06/30/2025,09/30/2025
RCFD0010,Cash and balances due - Noninterest-bearing,27394000.0,28299000.0,27407000.0,30195000.0,28656000.0,25685000.0,28805000.0,28324000.0,27791000.0,29321000.0,26431977.0,32001909.0,26569638.0,30503018.0,30442227.0,29749436.0,29304790.0,38828204.0,37462381.0,42407071.0,37948038.0,42533380.0,44598656.0,50723060.0,41049262.0,43592870.0,42378009.0,49700191.0,46847896.0,48058398.0,51942931.0,46682006.0,150739599.0,96696614.0,148120382.0,121847261.0,136246124.0,146328504.0,126727738.0,111470539.0,78491448.0,97260135.0,81389230.0,123656102.0,137505273.0,136863710.0,112187350.0,114276595.0,94046000.0,78162000.0,106662000.0,104369000.0,126416000.0,131022000.0,199010000.0,127221000.0,148889000.0,148349000.0,157760000.0,147751000.0,165565000.0,151813000.0,127024000.0,134342000.0,150879000.0,146478000.0,155267000.0,149215000.0,189958000.0,159445000.0,172929000.0,159983000.0,156172000.0,158592000.0,146056000.0,148788000.0,227508000.0,264955000.0,274904000.0,352410000.0,300115000.0,235106000.0,257785000.0,320797000.0,247364000.0,173971000.0,190769000.0,213093000.0,365662000.0,358258000.0,338672000.0,322796000.0,301246000.0,308640000.0,279852000.0,271902000.0,254852000.0,244293000.0,232923000.0
RCFD0071,Cash and balances due - Interest-bearing,3325000.0,2074000.0,2251000.0,3176000.0,4566000.0,3721000.0,4177000.0,3632000.0,3151000.0,4440000.0,4599619.0,5065265.0,5136744.0,7062819.0,7473396.0,8345169.0,8354964.0,6442919.0,6229691.0,7620816.0,8306318.0,11552938.0,14973502.0,16328212.0,11172018.0,10871009.0,10327778.0,12819413.0,12359735.0,13324915.0,17709801.0,15385499.0,124559177.0,72685596.0,125895798.0,97352067.0,116943837.0,126810181.0,107087368.0,87305691.0,54704826.0,73168321.0,59489338.0,95780913.0,115815164.0,114811678.0,91349371.0,88003829.0,72716000.0,52424000.0,80643000.0,76481000.0,101999000.0,104722000.0,176185000.0,101164000.0,124915000.0,123827000.0,135680000.0,122412000.0,143432000.0,127784000.0,105134000.0,108891000.0,127456000.0,122534000.0,130153000.0,123834000.0,168342000.0,134239000.0,149659000.0,135527000.0,133477000.0,132835000.0,123413000.0,123440000.0,204721000.0,236916000.0,247221000.0,321807000.0,271995000.0,209462000.0,233740000.0,296971000.0,223251000.0,150178000.0,168391000.0,188104000.0,340562000.0,332019000.0,316324000.0,297606000.0,280252000.0,285510000.0,258488000.0,248887000.0,233237000.0,220983000.0,210912000.0
RCFD0081,Held-to-maturity securities,24069000.0,26225000.0,25156000.0,27019000.0,24090000.0,21964000.0,24628000.0,24692000.0,24640000.0,24881000.0,21832358.0,26936644.0,21432894.0,23440199.0,22968831.0,21404267.0,20949826.0,32385285.0,31232691.0,34786255.0,29641720.0,30980441.0,29625155.0,34394847.0,29877243.0,32721861.0,32050230.0,36880778.0,34488161.0,34733482.0,34233130.0,31296506.0,26180422.0,24011017.0,22224584.0,24495194.0,19302288.0,19518322.0,19640370.0,24164848.0,23786623.0,24091813.0,21899891.0,27875190.0,21690110.0,22052032.0,20837979.0,26272766.0,21330000.0,25738000.0,26019000.0,27888000.0,24417000.0,26300000.0,22825000.0,26057000.0,23974000.0,24522000.0,22080000.0,25339000.0,22133000.0,24029000.0,21890000.0,25451000.0,23423000.0,23944000.0,25114000.0,25381000.0,21616000.0,25206000.0,23270000.0,24456000.0,22695000.0,25757000.0,22643000.0,25348000.0,22787000.0,28039000.0,27683000.0,30603000.0,28120000.0,25644000.0,24045000.0,23826000.0,24113000.0,23793000.0,22378000.0,24989000.0,25100000.0,26239000.0,22348000.0,25190000.0,20994000.0,23130000.0,21364000.0,23015000.0,21615000.0,23310000.0,22011000.0
RCFD8719,Available-for-sale debt securities,17507000.0,16453000.0,13686000.0,13573000.0,13157000.0,14691000.0,14764000.0,16658000.0,18200000.0,22250000.0,28659057.0,30829391.0,26532932.0,30866059.0,31991863.0,34615312.0,34910304.0,27888387.0,30593779.0,29469895.0,31276276.0,32831794.0,36088236.0,33459709.0,48853493.0,48006432.0,58521691.0,55609697.0,42634236.0,29269280.0,29911769.0,29444109.0,18707988.0,19585800.0,29534470.0,35653105.0,35759216.0,8723251.0,7204886.0,6304836.0,6378543.0,5052920.0,4257074.0,73529303.0,128684940.0,140628101.0,158085948.0,164660309.0,178893000.0,190296000.0,230061000.0,253914000.0,224298000.0,230098000.0,216007000.0,211894000.0,203299000.0,183614000.0,177096000.0,183035000.0,163304000.0,156160000.0,158390000.0,140428000.0,153295000.0,138015000.0,152076000.0,153781000.0,138102000.0,141332000.0,156510000.0,159521000.0,172843000.0,178558000.0,175671000.0,197727000.0,171770000.0,177509000.0,202000000.0,225288000.0,247984000.0,305417000.0,346352000.0,339380000.0,331688000.0,328087000.0,341256000.0,384916000.0,427234000.0,442294000.0,420347000.0,440957000.0,493587000.0,506117000.0,540702000.0,585188000.0,572087000.0,593940000.0,705178000.0
RCFD1754,Equity securities,1131000.0,1116000.0,1102000.0,1036000.0,1029000.0,1012000.0,1003000.0,1014000.0,915000.0,262000.0,504452.0,229075.0,226328.0,17293.0,13572.0,10981.0,8647.0,169083.0,132396.0,47268.0,74097.0,60675.0,56483.0,40579.0,925669.0,994687.0,518196.0,491265.0,862250.0,1265327.0,1246557.0,681984.0,415408.0,2066635.0,2367332.0,3018788.0,90161.0,182689.0,181306.0,181305.0,181291.0,180695.0,26458178.0,35265406.0,34205133.0,35167513.0,39897926.0,49480678.0,49577000.0,54922000.0,54649000.0,55150000.0,55120000.0,60022000.0,60175000.0,59766000.0,59815000.0,60072000.0,66573000.0,84625000.0,97978000.0,102279000.0,112409000.0,117071000.0,116033000.0,119008000.0,122345000.0,125013000.0,123539000.0,163013000.0,194472000.0,203157000.0,198351000.0,199877000.0,189918000.0,214725000.0,254190000.0,268678000.0,338365000.0,438278000.0,575995000.0,651394000.0,683054000.0,674513000.0,672135000.0,658204000.0,643664000.0,632784000.0,624446000.0,614066000.0,603303000.0,594550000.0,586858000.0,577361000.0,567548000.0,558672000.0,550714000.0,541279000.0,531408000.0
RCFD3545,Trading assets,44301000.0,45223000.0,54141000.0,45149000.0,52265000.0,64830000.0,64287000.0,66439000.0,69409000.0,75785000.0,71669787.0,72307201.0,76175686.0,76552509.0,92324718.0,74530033.0,93971057.0,99755158.0,90000853.0,91479043.0,86164011.0,97848261.0,102288569.0,105287589.0,120333363.0,133323017.0,131006607.0,121808574.0,139689232.0,110930638.0,130646697.0,130519836.0,94902251.0,67785888.0,77887004.0,61191062.0,62654028.0,64856404.0,68382218.0,66969589.0,61115026.0,54485747.0,66501071.0,63373297.0,67029809.0,77954029.0,81879113.0,87319703.0,120390000.0,106805000.0,85671000.0,89265000.0,84233000.0,86274000.0,84584000.0,83922000.0,87040000.0,80218000.0,76199000.0,67757000.0,75057000.0,75765000.0,75886000.0,73139000.0,76708000.0,88220000.0,76729000.0,87316000.0,83475000.0,94076000.0,99175000.0,77357000.0,83339000.0,83871000.0,85408000.0,77464000.0,80071000.0,88618000.0,110007000.0,69139000.0,121644000.0,112612000.0,106167000.0,85703000.0,143553000.0,146371000.0,148307000.0,137739000.0,127304000.0,111097000.0,107654000.0,91535000.0,104959000.0,105408000.0,112377000.0,114329000.0,126097000.0,126147000.0,119717000.0
RCFDA550,Trading assets (alt),452000.0,524000.0,742000.0,1752000.0,1321000.0,983000.0,568000.0,665000.0,642000.0,508000.0,513498.0,608952.0,1251394.0,1506294.0,1996069.0,1907262.0,2233432.0,3441038.0,3459302.0,2847095.0,2959256.0,3575243.0,3718635.0,3889520.0,3422901.0,1992527.0,1844896.0,1733880.0,1405091.0,523361.0,2925362.0,2199222.0,1213061.0,325081.0,3716051.0,2703273.0,3813961.0,2695113.0,3408971.0,3559152.0,1956363.0,2258194.0,2361558.0,2474290.0,3307013.0,2330763.0,2052785.0,435221.0,342000.0,453000.0,1706000.0,1880000.0,802000.0,1356000.0,872000.0,1363000.0,1004000.0,1479000.0,1078000.0,1013000.0,741000.0,1154000.0,1287000.0,969000.0,1295000.0,1431000.0,1874000.0,1688000.0,1183000.0,1279000.0,1678000.0,2619000.0,3056000.0,3400000.0,3534000.0,4619000.0,10402000.0,14116000.0,14553000.0,10017000.0,8770000.0,8844000.0,8987000.0,9146000.0,11338000.0,13588000.0,10075000.0,6707000.0,4275000.0,4587000.0,4812000.0,5654000.0,6789000.0,6904000.0,8668000.0,28541000.0,39081000.0,47830000.0,49676000.0
RCFD1583,Federal funds sold,17000.0,15000.0,24000.0,18000.0,15000.0,4000.0,5000.0,4000.0,3000.0,6000.0,3000.0,3732.0,2662.0,1373.0,815.0,31880.0,344.0,3426.0,441.0,257.0,279.0,107.0,1265.0,7514.0,9117.0,24544.0,20267.0,14339.0,11807.0,12283.0,11709.0,15523.0,33395.0,110488.0,92885.0,139536.0,137778.0,103046.0,79282.0,44045.0,46210.0,31260.0,28523.0,18785.0,22818.0,19959.0,17715.0,3311.0,3000.0,3000.0,25000.0,4000.0,4000.0,3000.0,5000.0,1000.0,0.0,0.0,0.0,0.0,0.0,0.0,0.0,28000.0,28000.0,27000.0,2000.0,1000.0,8000.0,8000.0,0.0,49000.0,48000.0,47000.0,46000.0,41000.0,37000.0,34000.0,31000.0,28000.0,32000.0,23000.0,20000.0,23000.0,7000.0,9000.0,5000.0,5000.0,3000.0,4000.0,6000.0,6000.0,6000.0,5000.0,24000.0,3000.0,12000.0,12000.0,16000.0
RCFD1590,Securities purchased under agreements to resell,1929000.0,1748000.0,1716000.0,1854000.0,1385000.0,1252000.0,507000.0,441000.0,412000.0,399000.0,391350.0,1624146.0,1392139.0,1326678.0,1282822.0,1501398.0,1275801.0,1250720.0,1337140.0,2027948.0,1976998.0,1787618.0,1328798.0,1630387.0,1413206.0,1338318.0,1333184.0,1548040.0,1399851.0,1325665.0,1288160.0,1601725.0,1400291.0,1412557.0,1443500.0,1511970.0,1352875.0,1168521.0,1099596.0,1171293.0,1120006.0,1058252.0,1007500.0,1041480.0,975251.0,1063907.0,1127371.0,1147179.0,1130000.0,1038000.0,1056000.0,1177000.0,1206000.0,1163000.0,1252000.0,1388000.0,1259000.0,1253000.0,1213000.0,1202000.0,1050000.0,714000.0,632000.0,670000.0,680000.0,663000.0,567000.0,619000.0,628000.0,532000.0,490000.0,563000.0,499000.0,499000.0,566000.0,644000.0,514000.0,509000.0,568000.0,623000.0,536000.0,597000.0,2813000.0,2866000.0,2733000.0,2860000.0,2915000.0,3096000.0,3106000.0,3042000.0,3032000.0,3394000.0,3258000.0,3051000.0,2776000.0,2901000.0,3101000.0,2917000.0,2947000.0
RCFDA560,Loans and leases held for sale,16964000.0,26310000.0,41717000.0,36668000.0,32658000.0,67643000.0,75486000.0,55640000.0,64123000.0,99800000.0,53354191.0,54725950.0,128286725.0,0.0,120305.0,157524688.0,178689415.0,198021565.0,193002724.0,184271564.0,196753436.0,193343206.0,151287262.0,146613266.0,142894697.0,134601421.0,137482847.0,143255787.0,147547854.0,172935785.0,167524698.0,186922937.0,130281879.0,126770332.0,113376765.0,156083946.0,143771381.0,145384636.0,158355912.0,180512081.0,183156708.0,175240519.0,180236697.0,173531210.0,205347740.0,225790454.0,240630818.0,234508038.0,220922000.0,221340000.0,221128000.0,218640000.0,219483000.0,219486000.0,216864000.0,222518000.0,239457000.0,245369000.0,266050000.0,301199000.0,293645000.0,298825000.0,301603000.0,294120000.0,292141000.0,298661000.0,306221000.0,304672000.0,294795000.0,307547000.0,308541000.0,303115000.0,293748000.0,303933000.0,303672000.0,316462000.0,313370000.0,310907000.0,373777000.0,467635000.0,552936000.0,599478000.0,609436000.0,596044000.0,578621000.0,554046000.0,534949000.0,524072000.0,515754000.0,504563000.0,492471000.0,501089000.0,492263000.0,481815000.0,471374000.0,459426000.0,450978000.0,440480000.0,431359000.0
RCFDB559,Loans and leases net of unearned income,30913000.0,36039000.0,40891000.0,54958000.0,59417000.0,53898000.0,64481000.0,72542000.0,57941000.0,85882000.0,55173045.0,50972191.0,88538247.0,127886880.0,137601668.0,137132745.0,166465592.0,200430687.0,198322939.0,193107682.0,209484919.0,216021078.0,208871721.0,162329398.0,161823518.0,158117813.0,153272260.0,164118613.0,174122145.0,190248188.0,209968137.0,221539540.0,191789865.0,167960343.0,169070112.0,190082092.0,220930088.0,223161054.0,236368805.0,252397364.0,252738609.0,254971247.0,257349659.0,250945273.0,256233870.0,273794995.0,282533491.0,284470234.0,272456000.0,261661000.0,266526000.0,260303000.0,253310000.0,243860000.0,240005000.0,244301000.0,254170000.0,264452000.0,284539000.0,319856000.0,325057000.0,330818000.0,329864000.0,327750000.0,329178000.0,329480000.0,331988000.0,340211000.0,337291000.0,337252000.0,345453000.0,341484000.0,334643000.0,336265000.0,336209000.0,343315000.0,338623000.0,341141000.0,386854000.0,474154000.0,535084000.0,611853000.0,633728000.0,636181000.0,618624000.0,593263000.0,559586000.0,543787000.0,533959000.0,523722000.0,512165000.0,507808000.0,513399000.0,508529000.0,507018000.0,502478000.0,501894000.0,494025000.0,486330000.0
RCFDA127,Allowance for loan and lease losses,956159000.0,964040000.0,955859000.0,898410000.0,908495000.0,944297000.0,929203000.0,1036176000.0,1078761000.0,1476275000.0,1268701143.0,1274556387.0,1384831574.0,1421268475.0,1474893949.0,1503884926.0,1504683883.0,1691937766.0,1730292211.0,1645557737.0,1880254626.0,2286470596.0,2328852276.0,2405865369.0,2545385924.0,2803195228.0,2773503837.0,2684716973.0,2801318342.0,2783623611.0,2708260211.0,2149059475.0,1876335905.0,1906623189.0,2123259657.0,2240063347.0,2750091779.0,3208747976.0,3981812211.0,3870331789.0,6611076001.0,4729355206.0,4374124071.0,3956401706.0,4144496058.0,4248624973.0,4434210235.0,4387343499.0,4310066000.0,4300543000.0,4238708000.0,4266008000.0,4765327000.0,5013027000.0,5894546000.0,5654184000.0,5663532000.0,5670167000.0,5399037000.0,5032453000.0,5056406000.0,5226490000.0,4335568000.0,3827755000.0,4529375000.0,4489449000.0,4650842000.0,4019918000.0,4906108000.0,5217152000.0,4529221000.0,4400192000.0,5024646000.0,4946882000.0,5163898000.0,4130415000.0,4668216000.0,4338296000.0,4277356000.0,3949154000.0,4913045000.0,4593251000.0,4651699000.0,4456742000.0,5299216000.0,4887685000.0,4997733000.0,4757031000.0,5256793000.0,5455363000.0,5704002000.0,4723916000.0,5938997000.0,6179969000.0,6937619000.0,5994321000.0,6872842000.0,7434880000.0,7359826000.0
RCFDB560,Loans and leases net,9078000.0,8732000.0,8993000.0,11300000.0,8974000.0,8188000.0,7508000.0,7312000.0,6489000.0,6352000.0,8680870.0,8421342.0,11706027.0,11630981.0,12554536.0,13988699.0,17428539.0,24239592.0,26167171.0,25856718.0,27386058.0,31275465.0,30966055.0,29992193.0,26851574.0,25168215.0,27614796.0,33608154.0,38734616.0,40631496.0,39368386.0,49465057.0,45669934.0,44112790.0,41134554.0,38658538.0,40707713.0,28596178.0,25564104.0,23248734.0,21788668.0,17322024.0,18355453.0,23088329.0,21094467.0,17724424.0,17346215.0,18061349.0,17662000.0,17450000.0,19686000.0,23016000.0,26177000.0,25258000.0,25102000.0,26036000.0,24605000.0,24353000.0,26045000.0,27032000.0,29638000.0,30147000.0,29758000.0,31318000.0,32695000.0,32966000.0,32498000.0,31146000.0,31071000.0,29778000.0,28581000.0,29485000.0,30691000.0,30984000.0,30264000.0,31856000.0,32904000.0,36174000.0,36054000.0,34896000.0,34208000.0,32959000.0,31290000.0,29015000.0,30974000.0,31759000.0,31553000.0,31124000.0,33452000.0,32771000.0,34607000.0,39234000.0,40873000.0,40253000.0,42403000.0,43537000.0,43232000.0,46039000.0,47990000.0
RCFD3163,Premises and fixed assets,10238000.0,10122000.0,9310000.0,9162000.0,9258000.0,9258000.0,9697000.0,9697000.0,9680000.0,9680000.0,9679876.0,9678876.0,9677321.0,9668050.0,9668050.0,10270672.0,10412951.0,40479969.0,40396623.0,40400712.0,40454538.0,40433819.0,41561541.0,41575069.0,41586077.0,41731564.0,41778913.0,40747022.0,42466952.0,42460917.0,42459131.0,53368345.0,53368318.0,56823234.0,57173234.0,57347715.0,57347715.0,56867193.0,57068185.0,57224908.0,57226708.0,57226708.0,57226708.0,57226708.0,57226708.0,57226708.0,57226708.0,57226708.0,57227000.0,57227000.0,57244000.0,57244000.0,57244000.0,57244000.0,57244000.0,57244000.0,57244000.0,57244000.0,57244000.0,57244000.0,57244000.0,57227000.0,57227000.0,57227000.0,57227000.0,57227000.0,57227000.0,57227000.0,57227000.0,57227000.0,57227000.0,57227000.0,57227000.0,57227000.0,57227000.0,57227000.0,57227000.0,57227000.0,57227000.0,57227000.0,57227000.0,57299000.0,57299000.0,57344000.0,57344000.0,57344000.0,57344000.0,57344000.0,57344000.0,57344000.0,57344000.0,57344000.0,57344000.0,57344000.0,57344000.0,57344000.0,57344000.0,57344000.0,57344000.0
RCFD2130,Other real estate owned,533000.0,526000.0,570000.0,563000.0,564000.0,557000.0,521000.0,470000.0,385000.0,370000.0,367350.0,396145.0,534894.0,2277776.0,2555380.0,2621029.0,2730259.0,3826916.0,3830505.0,4275638.0,4335759.0,4686061.0,4829516.0,5193122.0,5242666.0,4819363.0,5035091.0,5407307.0,5383911.0,5818809.0,5779048.0,6163280.0,5993703.0,6031029.0,6081064.0,6375965.0,6009924.0,5919356.0,5853695.0,5822801.0,5759287.0,6355032.0,5620473.0,5550999.0,5582210.0,5550120.0,5533854.0,5506807.0,5399000.0,5387000.0,5458000.0,5569000.0,5537000.0,5487000.0,5406000.0,4156000.0,4118000.0,4077000.0,4053000.0,4047000.0,3973000.0,3946000.0,3955000.0,3964000.0,4025000.0,3934000.0,3895000.0,4009000.0,4079000.0,4014000.0,3932000.0,4011000.0,2798000.0,2787000.0,754000.0,741000.0,650000.0,615000.0,35000.0,15000.0,15000.0,15000.0,15000.0,11923000.0,12077000.0,11814000.0,11604000.0,13141000.0,13358000.0,13306000.0,13131000.0,13807000.0,13344000.0,13050000.0,12816000.0,12550000.0,12082000.0,11408000.0,11135000.0
RCFD2160,Investments in unconsolidated subsidiaries,38484000.0,35087000.0,47348000.0,46799000.0,35602000.0,34986000.0,37830000.0,37221000.0,38268000.0,44886000.0,59019429.0,43493702.0,43780888.0,40878356.0,45314158.0,48209100.0,50484710.0,56042237.0,54626596.0,58042644.0,60612411.0,57100821.0,97786380.0,61890287.0,58686116.0,61902658.0,66809525.0,62777263.0,70735135.0,60743191.0,61408898.0,95563530.0,97070405.0,104519377.0,126683405.0,114842592.0,126603382.0,129389611.0,122687454.0,116719601.0,130831804.0,111925340.0,117911854.0,106336929.0,103728522.0,94274343.0,91177905.0,101004501.0,84827000.0,85508000.0,84312000.0,76395000.0,81284000.0,72511000.0,73772000.0,73463000.0,74823000.0,71537000.0,71081000.0,68724000.0,63346000.0,65528000.0,64619000.0,81589000.0,79453000.0,65088000.0,63386000.0,65039000.0,65074000.0,65259000.0,63120000.0,64468000.0,63976000.0,64842000.0,63317000.0,63095000.0,76559000.0,67518000.0,67650000.0,71809000.0,69513000.0,73956000.0,74005000.0,75457000.0,74344000.0,78031000.0,76526000.0,74925000.0,83776000.0,82239000.0,80594000.0,84932000.0,82395000.0,84517000.0,84106000.0,83213000.0,90063000.0,88128000.0,93294000.0
RCFD2168,Goodwill,31989000.0,27664000.0,39852000.0,40225000.0,30868000.0,30356000.0,33346000.0,33169000.0,34273000.0,40482000.0,54954506.0,39499908.0,39417995.0,36478642.0,40807055.0,43425493.0,45299421.0,48476064.0,46635300.0,49827528.0,38708265.0,35025242.0,74879594.0,38704702.0,35938339.0,38953878.0,41726157.0,37524213.0,45660569.0,35653755.0,35619614.0,64403518.0,66916989.0,71604919.0,96985776.0,83079633.0,93805402.0,96820009.0,86902957.0,86333150.0,100677277.0,78728150.0,85767101.0,72939255.0,71031953.0,63951979.0,62083310.0,72910649.0,56648000.0,54277000.0,55104000.0,44728000.0,49811000.0,42419000.0,43852000.0,37877000.0,40654000.0,35696000.0,37596000.0,34012000.0,32248000.0,34895000.0,33835000.0,48920000.0,46004000.0,32095000.0,30664000.0,32473000.0,30704000.0,30735000.0,28878000.0,31441000.0,31154000.0,31876000.0,30640000.0,30524000.0,43903000.0,35288000.0,35014000.0,38943000.0,35842000.0,38950000.0,38958000.0,40045000.0,38652000.0,41813000.0,39114000.0,36353000.0,44556000.0,42814000.0,40022000.0,44649000.0,41198000.0,43489000.0,43552000.0,43030000.0,49456000.0,47194000.0,52189000.0
RCFD2170,Other assets,553509000.0,563844000.0,575020000.0,551649000.0,540610000.0,562116000.0,576004000.0,565423000.0,574410000.0,656219000.0,624722850.0,617857587.0,690572545.0,706888184.0,740695499.0,771594340.0,838247353.0,1047545743.0,1057306654.0,1082250290.0,1104944125.0,1160260442.0,1185580956.0,1196123794.0,1204471773.0,1252402412.0,1290376229.0,1312794218.0,1355154455.0,1327429079.0,1359070851.0,1470276918.0,1432862003.0,1449558377.0,1460147344.0,1465221449.0,1496322329.0,1518957843.0,1489197995.0,1482278257.0,1451386720.0,1456637584.0,1471122588.0,1459157302.0,1448261695.0,1445093157.0,1448273067.0,1474077383.0,1458091000.0,1429737000.0,1438859000.0,1433716000.0,1457856000.0,1454742000.0,1524575000.0,1574093000.0,1599746000.0,1606232000.0,1616426000.0,1639305000.0,1653947000.0,1657878000.0,1659793000.0,1677490000.0,1707215000.0,1705928000.0,1725215000.0,1751524000.0,1765242000.0,1759530000.0,1797881000.0,1782639000.0,1775353000.0,1792891000.0,1812976000.0,1852983000.0,2031940000.0,2161656000.0,2157008000.0,2258832000.0,2316773000.0,2350294000.0,2400819000.0,2519525000.0,2513619000.0,2440022000.0,2407902000.0,2418508000.0,2518290000.0,2449804000.0,2465234000.0,2540116000.0,2550363000.0,2550584000.0,2565878000.0,2589060000.0,2615296000.0,2665555000.0,2651090000.0
RCFD2122,Total assets,372267000.0,371403000.0,344940000.0,314167000.0,312234000.0,323579000.0,325980000.0,332800000.0,333325000.0,352837000.0,356404701.0,351199521.0,354627469.0,354235212.0,366440417.0,382744569.0,397638139.0,509932788.0,534633989.0,551707123.0,576826355.0,617502539.0,622577027.0,638560779.0,645639673.0,667574094.0,662833775.0,674013477.0,686875114.0,673621018.0,668873020.0,712320169.0,679363673.0,748343238.0,739580188.0,755800605.0,741621407.0,739369114.0,724632971.0,738173018.0,742994548.0,752218997.0,758340988.0,750850217.0,733438082.0,725081550.0,736219338.0,755997419.0,766495000.0,784858000.0,793399000.0,784311000.0,776640000.0,770526000.0,753600000.0,859433000.0,856340000.0,864549000.0,864697000.0,879724000.0,883784000.0,889805000.0,895682000.0,890219000.0,895517000.0,898146000.0,917470000.0,925604000.0,921290000.0,920708000.0,915607000.0,939859000.0,935041000.0,953537000.0,968579000.0,978767000.0,1045286000.0,997973000.0,953077000.0,929573000.0,899564000.0,917685000.0,924467000.0,979795000.0,993049000.0,1026131000.0,1029059000.0,1042350000.0,1042905000.0,1049145000.0,1049284000.0,1050030000.0,1047500000.0,1054531000.0,1077665000.0,1097653000.0,1108634000.0,1142921000.0,1161439000.0
RCONB550,Total deposits (domestic),237669000.0,241754000.0,245988000.0,248764000.0,264106000.0,266033000.0,270550000.0,274714000.0,287357000.0,299596000.0,299790081.0,307111528.0,321137874.0,330958505.0,345820783.0,361362132.0,370404885.0,469259758.0,474865854.0,466813201.0,477961844.0,469593968.0,488966225.0,498928239.0,509118451.0,503080945.0,499784600.0,514866161.0,533314992.0,529536103.0,556038922.0,619302923.0,628332643.0,655134451.0,656099886.0,683215594.0,682554917.0,677336452.0,667605449.0,673767315.0,682302910.0,774617219.0,766013760.0,754991139.0,764626802.0,790182307.0,798078639.0,815756629.0,822520000.0,809628000.0,818778000.0,817013000.0,831310000.0,826064000.0,924164000.0,933458000.0,955324000.0,953143000.0,980112000.0,997476000.0,1019611000.0,1023054000.0,1035718000.0,1054388000.0,1081061000.0,1051595000.0,1067028000.0,1073110000.0,1098187000.0,1071932000.0,1081474000.0,1086931000.0,1090193000.0,1076780000.0,1081362000.0,1101762000.0,1178665000.0,1314175000.0,1319309000.0,1386451000.0,1465647000.0,1478056000.0,1535294000.0,1620016000.0,1661291000.0,1598411000.0,1559276000.0,1519215000.0,1495314000.0,1448437000.0,1449450000.0,1447021000.0,1475351000.0,1459311000.0,1465670000.0,1474985000.0,1506232000.0,1519886000.0,1514662000.0
RCFNB572,Deposits in foreign offices,15000.0,12000.0,10000.0,13000.0,12000.0,9000.0,11000.0,7000.0,10000.0,11000.0,10340.0,7939.0,7097.0,6786.0,7442.0,4161.0,6767.0,4602.0,6558.0,5074.0,3873.0,3717.0,4300.0,0.0,0.0,0.0,0.0,0.0,0.0,0.0,0.0,0.0,0.0,0.0,0.0,0.0,0.0,0.0,0.0,0.0,0.0,0.0,0.0,0.0,30.0,21.0,11.0,0.0,0.0,0.0,37000.0,0.0,1000.0,0.0,0.0,0.0,0.0,0.0,0.0,0.0,0.0,0.0,0.0,0.0,0.0,0.0,0.0,0.0,0.0,0.0,0.0,0.0,0.0,0.0,0.0,0.0,73000.0,0.0,0.0,0.0,0.0,0.0,0.0,89000.0,90000.0,0.0,0.0,28000.0,0.0,0.0,0.0,0.0,0.0,0.0,0.0,0.0,0.0,0.0,0.0
RCFD3548,Federal funds purchased,38811000.0,29824000.0,37462000.0,29962000.0,31992000.0,38973000.0,43034000.0,41064000.0,37964000.0,42441000.0,44215689.0,41244957.0,40866777.0,33989074.0,37758163.0,37572940.0,44554918.0,52980371.0,38851691.0,39781150.0,40570435.0,47351786.0,48900415.0,52424152.0,60999495.0,64784945.0,81200048.0,78287459.0,94016778.0,74184349.0,79003513.0,70746999.0,49127970.0,26294869.0,31848361.0,30932253.0,29537828.0,42169423.0,38925822.0,35233803.0,32332659.0,31429016.0,40142319.0,44156187.0,33206749.0,40184413.0,37098930.0,35192257.0,38877000.0,33031000.0,28022000.0,33971000.0,25698000.0,26007000.0,30820000.0,35692000.0,38507000.0,31023000.0,31782000.0,31038000.0,33225000.0,37539000.0,30110000.0,32203000.0,33508000.0,34011000.0,35958000.0,39393000.0,35499000.0,38372000.0,43819000.0,26773000.0,29631000.0,29097000.0,25668000.0,26947000.0,37392000.0,27603000.0,24531000.0,27235000.0,35307000.0,35161000.0,32788000.0,31445000.0,37027000.0,27721000.0,36132000.0,34692000.0,29893000.0,33878000.0,33593000.0,35441000.0,33622000.0,30866000.0,34539000.0,36141000.0,32228000.0,38273000.0,43848000.0
RCFD3190,Securities sold under agreements to repurchase,35821000.0,32817000.0,18046000.0,16601000.0,16906000.0,22886000.0,25333000.0,17955000.0,15528000.0,27857000.0,27562018.0,25745531.0,36315002.0,37059986.0,30684999.0,30763752.0,42293009.0,47791797.0,49962395.0,58743774.0,42949218.0,68195307.0,75428972.0,80371603.0,87101100.0,94493568.0,120448204.0,102793792.0,115120310.0,94597272.0,85137278.0,110928381.0,142862980.0,119828292.0,110301869.0,116903240.0,130542083.0,111605808.0,90848278.0,71987225.0,67710694.0,60463273.0,47192046.0,47391090.0,45307189.0,39536551.0,37585287.0,32738338.0,41274000.0,49350000.0,42518000.0,47976000.0,59847000.0,58815000.0,47450000.0,55780000.0,56491000.0,67987000.0,60682000.0,58203000.0,55335000.0,56495000.0,50750000.0,44507000.0,64764000.0,58518000.0,54865000.0,56080000.0,57446000.0,64389000.0,59609000.0,46609000.0,45219000.0,53861000.0,66891000.0,41772000.0,44630000.0,26362000.0,23558000.0,23800000.0,22693000.0,23374000.0,21263000.0,19865000.0,18818000.0,18692000.0,19036000.0,24735000.0,56413000.0,47530000.0,66763000.0,63163000.0,63466000.0,65115000.0,65986000.0,62335000.0,66923000.0,65596000.0,84439000.0
RCFD3821,Other borrowed money,4340000.0,3944000.0,4711000.0,4597000.0,4443000.0,4794000.0,4788000.0,5150000.0,7178000.0,5283000.0,4937362.0,5023437.0,4892032.0,4604285.0,4523375.0,4368427.0,4586954.0,8426289.0,10496956.0,10752951.0,8908767.0,9215961.0,11770045.0,9747391.0,9722238.0,9844271.0,9805712.0,9720711.0,10085888.0,10665712.0,9486004.0,8533744.0,8028598.0,8104849.0,9411680.0,8966206.0,8163651.0,8141077.0,10722366.0,7418919.0,7350990.0,7107910.0,7206364.0,6532342.0,6392126.0,6078545.0,6132510.0,6038314.0,6146000.0,6112000.0,5654000.0,5704000.0,5734000.0,5916000.0,6110000.0,6188000.0,5652000.0,5510000.0,5550000.0,5410000.0,5452000.0,5420000.0,5520000.0,5704000.0,5906000.0,5831000.0,5684000.0,5846000.0,5718000.0,5406000.0,5262000.0,4979000.0,5059000.0,5216000.0,5262000.0,5369000.0,5175000.0,5007000.0,4954000.0,4918000.0,4793000.0,4770000.0,4700000.0,5471000.0,5866000.0,6151000.0,5902000.0,6016000.0,5990000.0,5953000.0,6102000.0,5968000.0,5531000.0,5530000.0,5823000.0,6007000.0,6048000.0,5913000.0,5964000.0
RCFD3200,Subordinated notes and debentures,9828000.0,9629000.0,9630000.0,9630000.0,9629000.0,9628000.0,7628000.0,7628000.0,7528000.0,7529000.0,7528000.0,7528000.0,7528000.0,7228000.0,7228000.0,7228000.0,7228000.0,10980166.0,10964495.0,12449424.0,12434353.0,13469122.0,13239792.0,16496369.0,18453399.0,19570723.0,21051566.0,21231341.0,21182829.0,20472523.0,22563133.0,24873265.0,24357272.0,25024150.0,25117950.0,24949844.0,24832931.0,25068323.0,25374737.0,25114350.0,25042173.0,25124592.0,25443341.0,25433288.0,25330524.0,18214787.0,15301700.0,15240775.0,12361000.0,9313000.0,6358000.0,6277000.0,6289000.0,6307000.0,6268000.0,6322000.0,6358000.0,6238000.0,6278000.0,6216000.0,6270000.0,5239000.0,5203000.0,5026000.0,2986000.0,1695000.0,1692000.0,1680000.0,1627000.0,1606000.0,1577000.0,1618000.0,1663000.0,1732000.0,1835000.0,1744000.0,1977000.0,1974000.0,1937000.0,1883000.0,1739000.0,1795000.0,1775000.0,1780000.0,1670000.0,1567000.0,1485000.0,1485000.0,1514000.0,1478000.0,1397000.0,1476000.0,1435000.0,1424000.0,1473000.0,1401000.0,1420000.0,1415000.0,1411000.0
RCFD2948,Total liabilities,501040000.0,512335000.0,521857000.0,498364250.0,491194000.0,511454000.0,524835000.0,513429000.0,524393000.0,605592000.0,575262468.0,567797811.0,639830626.0,655629114.0,687080837.0,716533847.0,780663723.0,943917989.0,954036132.0,978166855.0,1000820651.0,1056180417.0,1073326929.0,1084776706.0,1093847519.0,1141965731.0,1179831434.0,1202530204.0,1242214842.0,1216984464.0,1243581785.0,1336942149.0,1297138898.0,1299166371.0,1296941861.0,1298530760.0,1328077530.0,1349137652.0,1318787496.0,1302464744.0,1277175884.0,1280325276.0,1291051267.0,1281297032.0,1271951505.0,1265806391.0,1267839106.0,1296579018.0,1278717000.0,1252047000.0,1258349000.0,1254983000.0,1277737000.0,1272042000.0,1342483000.0,1371723000.0,1396235000.0,1404838000.0,1413741000.0,1437792000.0,1445797000.0,1447814000.0,1448207000.0,1471281000.0,1502146000.0,1498943000.0,1516175000.0,1543740000.0,1559529000.0,1554209000.0,1593308000.0,1574911000.0,1565258000.0,1580291000.0,1601338000.0,1640825000.0,1824468000.0,1951650000.0,1943133000.0,2040217000.0,2096341000.0,2124998000.0,2172437000.0,2283098000.0,2284227000.0,2209100000.0,2178965000.0,2193059000.0,2285819000.0,2219795000.0,2236225000.0,2303910000.0,2313030000.0,2311228000.0,2322190000.0,2343578000.0,2368372000.0,2415015000.0,2399523000.0
RCFD3230,Common stock,2833000.0,2834000.0,2834000.0,2835000.0,2834000.0,2834000.0,2834000.0,2834000.0,2834000.0,2834000.0,2834185.0,2834186.0,2834185.0,2834185.0,2834186.0,2834185.0,2834186.0,2836395.0,2836395.0,2836395.0,2836395.0,2836395.0,2878895.0,2878894.0,2878894.0,2878894.0,2878894.0,2878894.0,2893890.0,2893890.0,2893890.0,3020039.0,3020039.0,3020043.0,3020043.0,3020043.0,3020043.0,3020043.0,3020043.0,3020043.0,3020043.0,3020043.0,3020043.0,3020043.0,3020043.0,3020043.0,3020043.0,3020043.0,3020000.0,3020000.0,3020000.0,3020000.0,3020000.0,3020000.0,3020000.0,3020000.0,3020000.0,3020000.0,3020000.0,3020000.0,3020000.0,3020000.0,3020000.0,3020000.0,3020000.0,3020000.0,3020000.0,3020000.0,3020000.0,3020000.0,3020000.0,3020000.0,3020000.0,3020000.0,3020000.0,3020000.0,3020000.0,3020000.0,3020000.0,3020000.0,3020000.0,3020000.0,3020000.0,3020000.0,3020000.0,3020000.0,3020000.0,3020000.0,3020000.0,3020000.0,3020000.0,3020000.0,3020000.0,3020000.0,3020000.0,3020000.0,3020000.0,3020000.0,3020000.0
RCFD3632,Retained earnings,15363000.0,16012000.0,15230000.0,17027593.0,13122000.0,13452000.0,13833000.0,14114000.0,13203000.0,13530000.0,14009093.0,15281096.0,15932260.0,16786635.0,18018093.0,19577314.0,21891887.0,24700670.0,25755881.0,27418543.0,28552049.0,30331393.0,32349987.0,31978059.0,30973177.0,33010776.0,31755966.0,29940139.0,29230085.0,29297181.0,29707039.0,26927834.0,25439745.0,27410967.0,27286050.0,26612424.0,27563827.0,26222239.0,27616799.0,30603561.0,29285068.0,29795608.0,30763704.0,30278689.0,29038825.0,30481364.0,29499324.0,28519245.0,33676000.0,35045000.0,36903000.0,36952000.0,37121000.0,37383000.0,37847000.0,31039000.0,30830000.0,31088000.0,30674000.0,31322000.0,35036000.0,35737000.0,37627000.0,37288000.0,36250000.0,37497000.0,36597000.0,35895000.0,38774000.0,39381000.0,39715000.0,40005000.0,47355000.0,47501000.0,45875000.0,46386000.0,37188000.0,39517000.0,43100000.0,47988000.0,50750000.0,54366000.0,57925000.0,58706000.0,59536000.0,64348000.0,67879000.0,64120000.0,68585000.0,68191000.0,68302000.0,70893000.0,72303000.0,73910000.0,74667000.0,77290000.0,77023000.0,79240000.0,79226000.0
RCFDB530,Accumulated other comprehensive income,289000.0,-255000.0,1776000.0,60157.0,-54000.0,722000.0,719000.0,1254000.0,171000.0,79000.0,-1746678.0,-2612104.0,-2848912.0,-3474515.0,-2491956.0,-2821262.0,-5447398.0,-5143860.0,-6801725.0,-7745144.0,-9094058.0,-11130416.0,-7194371.0,-7871625.0,-7704982.0,-9980963.0,-8568087.0,-7068945.0,-7382823.0,-10098443.0,-10061120.0,-11835851.0,-7899564.0,-7795499.0,-4426367.0,-3962134.0,-3294916.0,-373149.0,-1076526.0,-2706690.0,-3309031.0,-1713548.0,1089280.0,-613063.0,-862416.0,685406.0,2815714.0,918009.0,-117000.0,-4372000.0,-3412000.0,-5237000.0,-3963000.0,-1645000.0,-2714000.0,-1682000.0,-416000.0,-2943000.0,-1433000.0,-3250000.0,-306000.0,868000.0,398000.0,-4795000.0,-4901000.0,-4234000.0,-3781000.0,-4338000.0,-9289000.0,-10348000.0,-11430000.0,-9540000.0,-7398000.0,-5039000.0,-3500000.0,-3491000.0,1021000.0,1225000.0,1511000.0,1363000.0,-236000.0,-40000.0,-513000.0,-2026000.0,-9891000.0,-13173000.0,-18689000.0,-18419000.0,-15862000.0,-17930000.0,-19041000.0,-14435000.0,-14718000.0,-14318000.0,-10880000.0,-11972000.0,-10280000.0,-9351000.0,-8310000.0
RCFD3000,Total equity capital,1364000.0,243000.0,657000.0,687000.0,709000.0,760000.0,758000.0,755000.0,598000.0,889000.0,892696.0,953895.0,1089914.0,1252688.0,1301438.0,1373343.0,1438210.0,1575394.0,1625169.0,1660752.0,1680152.0,1737882.0,1774729.0,1820684.0,1822466.0,1843269.0,1766144.0,1783796.0,1793088.0,1705962.0,1719058.0,496768.0,427350.0,391396.0,409838.0,526943.0,525590.0,526125.0,428402.0,8488305.0,421808.0,417256.0,415522.0,380241.0,364470.0,356357.0,355284.0,40734.0,40000.0,40000.0,40000.0,40000.0,18000.0,19000.0,19000.0,10000.0,10000.0,10000.0,10000.0,9000.0,9000.0,9000.0,10000.0,10000.0,10000.0,10000.0,9000.0,9000.0,9000.0,9000.0,9000.0,10000.0,10000.0,10000.0,10000.0,10000.0,10000.0,10000.0,10000.0,10000.0,11000.0,0.0,0.0,0.0,0.0,0.0,0.0,0.0,0.0,0.0,0.0,0.0,0.0,0.0,0.0,0.0,0.0,0.0,0.0
RCFD3300,Total liabilities and equity capital,553509000.0,563844000.0,575020000.0,551649000.0,540610000.0,562116000.0,576004000.0,565423000.0,574410000.0,656219000.0,624722850.0,617857587.0,690572545.0,706888184.0,740695499.0,771594340.0,838247354.0,1047545743.0,1057306654.0,1082250290.0,1104944125.0,1160260442.0,1185580956.0,1196123794.0,1204471773.0,1252402412.0,1290376229.0,1312794218.0,1355154455.0,1327429079.0,1359070851.0,1470276918.0,1432862003.0,1449558377.0,1460147344.0,1465221449.0,1496322329.0,1518957843.0,1489197995.0,1482278257.0,1451386720.0,1456637584.0,1471122588.0,1459157302.0,1448261695.0,1445093157.0,1448273067.0,1474077383.0,1458091000.0,1429737000.0,1438859000.0,1433716000.0,1457856000.0,1454742000.0,1524575000.0,1574093000.0,1599746000.0,1606232000.0,1616426000.0,1639305000.0,1653947000.0,1657878000.0,1659793000.0,1677490000.0,1707215000.0,1705928000.0,1725215000.0,1751524000.0,1765242000.0,1759530000.0,1797881000.0,1782639000.0,1775353000.0,1792891000.0,1812976000.0,1852983000.0,2031940000.0,2161656000.0,2157008000.0,2258832000.0,2316773000.0,2350294000.0,2400819000.0,2519525000.0,2513619000.0,2440022000.0,2407902000.0,2418508000.0,2518290000.0,2449804000.0,2465234000.0,2540116000.0,2550363000.0,2550584000.0,2565878000.0,2589060000.0,2615296000.0,2665555000.0,2651090000.0
