feature,Description not found,3/31/01,6/30/01,9/30/01,12/31/01,3/31/02,6/30/02,9/30/02,12/31/02,3/31/03,6/30/03,9/30/03,12/31/03,3/31/04,6/30/04,9/30/04,12/31/04,3/31/05,6/30/05,9/30/05,12/31/05,3/31/06,6/30/06,9/30/06,12/31/06,3/31/07,6/30/07,9/30/07,12/31/07,3/31/08,6/30/08,9/30/08,12/31/08,3/31/09,6/30/09,9/30/09,12/31/09,3/31/10,6/30/10,9/30/10,12/31/10,3/31/11,6/30/11,9/30/11,12/31/11,3/31/12,6/30/12,9/30/12,12/31/12,3/31/13,6/30/13,9/30/13,12/31/13,3/31/14,6/30/14,9/30/14,12/31/14,3/31/15,6/30/15,9/30/15,12/31/15,3/31/16,6/30/16,9/30/16,12/31/16,3/31/17,6/30/17,9/30/17,12/31/17,3/31/18,6/30/18,9/30/18,12/31/18,3/31/19,6/30/19,9/30/19,12/31/19,3/31/20,6/30/20,9/30/20,12/31/20,3/31/21,6/30/21,9/30/21,12/31/21,3/31/22,6/30/22,9/30/22,12/31/22,3/31/23,6/30/23,9/30/23,12/31/23,3/31/24,6/30/24,9/30/24,12/31/24,3/31/25,6/30/25,9/30/25
RCFN6631,Noninterest-bearing,1704000,2309000,1836000,1842000,2713000,2716000,1899000,2080000,2213000,2248000,2578107,2983328,2684241,4013359,2871661,3047204,2643470,5919880,6371011,7350173,6781135,7746378,5054626,5327022,3083521,3834598,5553584,3455806,3672065,3546440,3685487,3885517,3437609,3451229,3238039,3889546,3585747,3791455,3706417,5162585,3535308,3787830,3975406,4241899,4212028,6094058,4538776,5732734,6098000,5970000,6552000,7343000,7888000,7755000,7549000,7722000,7354000,8370000,8665000,10098000,11353000,11522000,12355000,8879000,10660000,10713000,8721000,14371000,13954000,14417000,13090000,14602000,12240000,16165000,15158000,15998000,14893000,15473000,15483000,18690000,23460000,26055000,26541000,28662000,29689000,28916000,23883000,21626000,19153000,18931000,17375000,17547000,18020000,15938000,17991000,17710000,16545000,15208000,16332000
RCFD1773,Available-for-sale securities,45461000,49815000,71002000,82259000,72125000,79653000,86794000,67635000,74214000,112664000,62871353,67207211,140608323,147658608,143401057,175974884,199807820,232746410,227164298,221484260,238611781,237198418,195147895,194115115,180712232,173616707,176150370,205711965,212657141,241020677,235300608,258424071,205690166,224180430,220329501,272855751,294437436,304248583,311566470,324110835,318110508,320749141,314806044,275131077,289913827,293603766,298963455,280057724,254750000,233056000,227975000,229203000,243280000,243457000,260439000,280696000,284844000,293300000,293881000,302082000,280389000,285649000,297604000,290673000,292278000,295565000,295015000,298229000,285398000,257204000,224578000,215311000,217403000,221452000,230782000,229534000,191020000,176193000,220926000,223557000,243588000,250558000,247991000,267232000,257760000,236075000,197778000,192110000,139173000,109836000,146931000,247264000,294135000,272357000,296168000,327106000,356586000,358306000,370575000
RCFD0081,Noninterest-bearing balances and currency and coin,24069000,26225000,25156000,27019000,24090000,21964000,24628000,24692000,24640000,24881000,21832358,26936644,21432894,23440199,22968831,21404267,20949826,32385285,31232691,34786255,29641720,30980441,29625155,34394847,29877243,32721861,32050230,36880778,34488161,34733482,34233130,31296506,26180422,24011017,22224584,24495194,19302288,19518322,19640370,24164848,23786623,24091813,21899891,27875190,21690110,22052032,20837979,26272766,21330000,25738000,26019000,27888000,24417000,26300000,22825000,26057000,23974000,24522000,22080000,25339000,22133000,24029000,21890000,25451000,23423000,23944000,25114000,25381000,21616000,25206000,23270000,24456000,22695000,25757000,22643000,25348000,22787000,28039000,27683000,30603000,28120000,25644000,24045000,23826000,24113000,23793000,22378000,24989000,25100000,26239000,22348000,25190000,20994000,23130000,21364000,23015000,21615000,23310000,22011000
RCFD3839,Surplus (e xclude all sur plus related to pref erred stoc k),32620000,32675000,32666000,32675000,32805000,32911000,33038000,33044000,33212000,33319000,33492176,33620710,33780773,33900620,33990961,34129212,37015945,79798697,79977547,80017114,80251938,80304771,82444787,82541076,82654699,82684705,82711878,82730129,86405373,86646024,91230199,114725979,114735535,127365099,136915919,140493413,140430255,140424933,140421781,140408294,144792948,144792949,144782772,144794360,144749268,144743596,144743596,145000334,142755000,143957000,143959000,143958000,143923000,143923000,143920000,169983000,170067000,170219000,170414000,170412000,170391000,170430000,170531000,170686000,170690000,170692000,173195000,173198000,173199000,173259000,173259000,174233000,167108000,167108000,166233000,166233000,166233000,166234000,166234000,166234000,166887000,167950000,167950000,176727000,176727000,176727000,176727000,176728000,176728000,176728000,176728000,176728000,176728000,176744000,176881000,177144000,177161000,177631000,177631000
RCFD3200,Subordinated notes and debentures,9828000,9629000,9630000,9630000,9629000,9628000,7628000,7628000,7528000,7529000,7528000,7528000,7528000,7228000,7228000,7228000,7228000,10980166,10964495,12449424,12434353,13469122,13239792,16496369,18453399,19570723,21051566,21231341,21182829,20472523,22563133,24873265,24357272,25024150,25117950,24949844,24832931,25068323,25374737,25114350,25042173,25124592,25443341,25433288,25330524,18214787,15301700,15240775,12361000,9313000,6358000,6277000,6289000,6307000,6268000,6322000,6358000,6238000,6278000,6216000,6270000,5239000,5203000,5026000,2986000,1695000,1692000,1680000,1627000,1606000,1577000,1618000,1663000,1732000,1835000,1744000,1977000,1974000,1937000,1883000,1739000,1795000,1775000,1780000,1670000,1567000,1485000,1485000,1514000,1478000,1397000,1476000,1435000,1424000,1473000,1401000,1420000,1415000,1411000
RCFD3163,Goodwill,10238000,10122000,9310000,9162000,9258000,9258000,9697000,9697000,9680000,9680000,9679876,9678876,9677321,9668050,9668050,10270672,10412951,40479969,40396623,40400712,40454538,40433819,41561541,41575069,41586077,41731564,41778913,40747022,42466952,42460917,42459131,53368345,53368318,56823234,57173234,57347715,57347715,56867193,57068185,57224908,57226708,57226708,57226708,57226708,57226708,57226708,57226708,57226708,57227000,57227000,57244000,57244000,57244000,57244000,57244000,57244000,57244000,57244000,57244000,57244000,57244000,57227000,57227000,57227000,57227000,57227000,57227000,57227000,57227000,57227000,57227000,57227000,57227000,57227000,57227000,57227000,57227000,57227000,57227000,57227000,57227000,57299000,57299000,57344000,57344000,57344000,57344000,57344000,57344000,57344000,57344000,57344000,57344000,57344000,57344000,57344000,57344000,57344000,57344000
RCON6636,Interest-bearing,216462000,214011000,216526000,221166000,226138000,224957000,228615000,231742000,242466000,255461000,255921989,262573872,268144396,276373829,289381087,305056072,309002450,400188902,391227516,384387788,392769095,388894139,410359449,419082128,425896440,422939004,429519344,446549442,459427296,452611233,479861964,536943921,527806676,567606843,555855891,554057222,559562341,557647183,542319192,542688835,548338600,633974745,638007507,626667696,624996166,624937244,629996514,658147624,668732000,654030000,652065000,645036000,655068000,643574000,730730000,737718000,746901000,746682000,747436000,762340000,770002000,774055000,777379000,795779000,809529000,793670000,815508000,838108000,855213000,846591000,883893000,917011000,933485000,925001000,943390000,957860000,1016777000,1055440000,1004122000,1046465000,1082137000,1077733000,1105929000,1161725000,1194168000,1158651000,1171355000,1216954000,1220973000,1239146000,1267407000,1313645000,1344475000,1331627000,1346789000,1363772000,1380510000,1400210000,1390406000
RCFDA130,Description not found,0,0,0,0,0,-17000,-13000,-7000,-1000,-24000,-21090,-18009,-46301,-40543,-38060,-32299,-149199,-139541,-122745,-104225,-103002,0,0,0,0,0,0,0,0,0,0,0,0,0,0,0,0,0,0,0,0,0,0,0,0,0,0,0,0,0,0,0,0,0,0,0,0,0,0,0,0,0,0,0,0,0,0,0,0,0,0,0,0,0,0,0,0,0,0,0,0,0,0,0,0,0,0,0,0,0,0,0,0,0,0,0,0,0,0
RCFDB530,Accum ulated other comprehensiv e income,289000,-255000,1776000,60157,-54000,722000,719000,1254000,171000,79000,-1746678,-2612104,-2848912,-3474515,-2491956,-2821262,-5447398,-5143860,-6801725,-7745144,-9094058,-11130416,-7194371,-7871625,-7704982,-9980963,-8568087,-7068945,-7382823,-10098443,-10061120,-11835851,-7899564,-7795499,-4426367,-3962134,-3294916,-373149,-1076526,-2706690,-3309031,-1713548,1089280,-613063,-862416,685406,2815714,918009,-117000,-4372000,-3412000,-5237000,-3963000,-1645000,-2714000,-1682000,-416000,-2943000,-1433000,-3250000,-306000,868000,398000,-4795000,-4901000,-4234000,-3781000,-4338000,-9289000,-10348000,-11430000,-9540000,-7398000,-5039000,-3500000,-3491000,1021000,1225000,1511000,1363000,-236000,-40000,-513000,-2026000,-9891000,-13173000,-18689000,-18419000,-15862000,-17930000,-19041000,-14435000,-14718000,-14318000,-10880000,-11972000,-10280000,-9351000,-8310000
RCFD3210,Total equity capital,51105000,51266000,52506000,52597750,48707000,49902000,50411000,51239000,49419000,49738000,48567686,49105879,49652005,50006382,52313224,53687151,56145421,102052361,101645353,102422683,102443322,102342143,110479298,109526404,108801788,108593412,108778651,108480218,111146525,108738653,113770008,132838001,135295755,150000610,162795645,166163746,167719209,169294066,169982097,171325208,173789028,175895052,179655799,177480029,175945720,178930409,180078677,177457631,179334000,177650000,180470000,178693000,180101000,182681000,182073000,202360000,203501000,201384000,202675000,201504000,208141000,210055000,211576000,206199000,205059000,206975000,209031000,207775000,205704000,205312000,204564000,207718000,210085000,212590000,211628000,212148000,207462000,209996000,213865000,218605000,220421000,225296000,228382000,236427000,229392000,230922000,228937000,225449000,232471000,230009000,229009000,236206000,237333000,239356000,243688000,245482000,246924000,250540000,251567000
RCON2200,In domestic offices,315692000,319067000,316611000,334909000,335591000,326230000,346588000,354961000,363927000,388958000,379211039,381959318,390231235,399236991,416218053,439066856,446780450,576962146,567947642,565906783,570413638,563906844,581432697,602019002,602128793,596584927,595780133,629150976,645019922,642252215,672067377,754919971,765475336,817989321,807177514,831397678,824168960,828928319,820503805,837555815,848926338,948680150,972855736,972011121,975418440,991685005,1011150242,1045280007,1039408000,1019084000,1041630000,1034845000,1044900000,1046212000,1128503000,1143477000,1170895000,1169569000,1186746000,1213734000,1213727000,1204486000,1226038000,1260061000,1273468000,1270151000,1297138000,1301404000,1324768000,1312701000,1345197000,1374069000,1360109000,1353687000,1360085000,1402827000,1577444000,1729101000,1719160000,1797272000,1855921000,1871213000,1926946000,2025967000,2040696000,1964041000,1931589000,1929333000,1903082000,1879161000,1868639000,1909516000,1929388000,1901769000,1892511000,1926068000,1942170000,1975044000,1956667000
RCFD3230,Common stoc k,2833000,2834000,2834000,2835000,2834000,2834000,2834000,2834000,2834000,2834000,2834185,2834186,2834185,2834185,2834186,2834185,2834186,2836395,2836395,2836395,2836395,2836395,2878895,2878894,2878894,2878894,2878894,2878894,2893890,2893890,2893890,3020039,3020039,3020043,3020043,3020043,3020043,3020043,3020043,3020043,3020043,3020043,3020043,3020043,3020043,3020043,3020043,3020043,3020000,3020000,3020000,3020000,3020000,3020000,3020000,3020000,3020000,3020000,3020000,3020000,3020000,3020000,3020000,3020000,3020000,3020000,3020000,3020000,3020000,3020000,3020000,3020000,3020000,3020000,3020000,3020000,3020000,3020000,3020000,3020000,3020000,3020000,3020000,3020000,3020000,3020000,3020000,3020000,3020000,3020000,3020000,3020000,3020000,3020000,3020000,3020000,3020000,3020000,3020000
RCFN2200,"In foreign offices , Edge and Ag reement subsidiaries, and IBFs",55332000,65053000,58410000,56634000,49659000,48988000,47061000,44693000,51802000,53807000,44091676,53680007,83947898,81257264,90540359,90599244,97519662,108045183,113713417,120741740,132947595,137506901,139259981,157581623,158703443,179570147,176171799,164420993,147859090,164278732,174163168,199757609,181521484,190396785,195531469,171294659,176469967,178064141,201220188,200614834,198086971,111802314,113294940,105165655,112851935,70588620,72442509,72342289,71035000,71833000,76626000,79258000,82081000,82021000,74343000,69642000,69327000,73471000,73980000,77437000,83953000,92345000,86416000,73971000,74563000,79085000,75999000,85357000,85644000,79378000,90490000,82777000,79732000,87429000,86854000,95027000,92888000,91411000,91465000,109186000,103965000,114859000,105808000,118410000,109627000,111315000,102794000,112922000,112299000,112300000,111038000,122263000,118769000,117117000,125309000,129397000,129454000,134217000,138065000
RCFD2930,Other liabilities,18396000,20229000,41315000,26319250,23156000,35108000,25222000,16365000,16916000,26000000,38465536,22769281,15753262,15241809,15256133,24695460,22018150,29345343,27449353,26689545,28828959,27600165,33007304,32694380,30770707,34242409,36972228,36466408,38614593,29339639,32926823,30295320,21563717,35430731,29713120,25250252,26793522,36294579,32102724,29375840,22989660,30094561,32568529,31045555,28338643,25374938,32664454,27123256,22208000,34908000,23928000,20489000,26435000,24630000,24039000,26857000,25796000,24620000,23770000,21762000,23612000,24698000,24808000,29452000,29973000,27767000,24685000,24207000,24198000,26912000,27875000,24660000,26526000,28675000,27499000,41455000,41675000,38749000,45737000,45435000,53159000,46553000,45756000,46404000,42350000,41982000,40821000,42417000,41508000,41661000,41214000,45818000,46554000,48813000,47335000,42927000,44251000,45497000,45989000
RCFD2145,Premises and fix ed assets (including capitaliz ed leases),6124000,6131000,6133000,6155000,6099000,6072000,6069000,6028000,5949000,5211000,5281117,5382898,5435718,5444518,5438566,5380451,5420661,6747137,6799191,6940310,7056776,7146665,7106393,7279360,7352057,7638779,7862768,8372089,8787484,9147081,9469782,11362837,11442974,11555828,11462298,11561007,11589829,11282797,11120128,11154486,11032483,10872775,10733114,10963375,10444346,10253110,10124419,10147374,9496000,9292000,9163000,8943000,8822000,8615000,8510000,9080000,9044000,9087000,8983000,8927000,8803000,8638000,8631000,8629000,8796000,8381000,8466000,8737000,8878000,9050000,9201000,9418000,17902000,18397000,18429000,18486000,19116000,19068000,19172000,19477000,19046000,19410000,19304000,19252000,19165000,19151000,19008000,19397000,19403000,19301000,19352000,19363000,19157000,18913000,19186000,19230000,19309000,19068000,19006000
RCFD0071,Interest-bearing balances,3325000,2074000,2251000,3176000,4566000,3721000,4177000,3632000,3151000,4440000,4599619,5065265,5136744,7062819,7473396,8345169,8354964,6442919,6229691,7620816,8306318,11552938,14973502,16328212,11172018,10871009,10327778,12819413,12359735,13324915,17709801,15385499,124559177,72685596,125895798,97352067,116943837,126810181,107087368,87305691,54704826,73168321,59489338,95780913,115815164,114811678,91349371,88003829,72716000,52424000,80643000,76481000,101999000,104722000,176185000,101164000,124915000,123827000,135680000,122412000,143432000,127784000,105134000,108891000,127456000,122534000,130153000,123834000,168342000,134239000,149659000,135527000,133477000,132835000,123413000,123440000,204721000,236916000,247221000,321807000,271995000,209462000,233740000,296971000,223251000,150178000,168391000,188104000,340562000,332019000,316324000,297606000,280252000,285510000,258488000,248887000,233237000,220983000,210912000
RCFD3548,Trading liabilities,38811000,29824000,37462000,29962000,31992000,38973000,43034000,41064000,37964000,42441000,44215689,41244957,40866777,33989074,37758163,37572940,44554918,52980371,38851691,39781150,40570435,47351786,48900415,52424152,60999495,64784945,81200048,78287459,94016778,74184349,79003513,70746999,49127970,26294869,31848361,30932253,29537828,42169423,38925822,35233803,32332659,31429016,40142319,44156187,33206749,40184413,37098930,35192257,38877000,33031000,28022000,33971000,25698000,26007000,30820000,35692000,38507000,31023000,31782000,31038000,33225000,37539000,30110000,32203000,33508000,34011000,35958000,39393000,35499000,38372000,43819000,26773000,29631000,29097000,25668000,26947000,37392000,27603000,24531000,27235000,35307000,35161000,32788000,31445000,37027000,27721000,36132000,34692000,29893000,33878000,33593000,35441000,33622000,30866000,34539000,36141000,32228000,38273000,43848000
RCFD2150,Other real estate o wned,321000,379000,431000,430000,412000,319000,304000,286000,286000,302000,276603,147391,571033,122397,109115,77251,81258,110431,95233,89027,90981,72381,74339,67606,87618,105922,189112,259108,406227,508321,761934,1218556,1254714,1538727,1638087,1904022,2874270,3448591,3414861,3125345,3201172,3476194,3589998,3674512,3067901,2501993,3461037,3267735,2973000,2110000,2135000,1947000,1657000,1584000,1692000,1704000,802000,735000,474000,409000,380000,388000,359000,382000,345000,314000,281000,285000,321000,316000,331000,357000,349000,315000,305000,342000,333000,270000,227000,204000,371000,374000,368000,313000,328000,313000,308000,296000,283000,260000,229000,192000,187000,268000,236000,184000,157000,157000,152000
RCFD3300,"Total liabilities , minor ity interest, and equity capital",553509000,563844000,575020000,551649000,540610000,562116000,576004000,565423000,574410000,656219000,624722850,617857587,690572545,706888184,740695499,771594340,838247354,1047545743,1057306654,1082250290,1104944125,1160260442,1185580956,1196123794,1204471773,1252402412,1290376229,1312794218,1355154455,1327429079,1359070851,1470276918,1432862003,1449558377,1460147344,1465221449,1496322329,1518957843,1489197995,1482278257,1451386720,1456637584,1471122588,1459157302,1448261695,1445093157,1448273067,1474077383,1458091000,1429737000,1438859000,1433716000,1457856000,1454742000,1524575000,1574093000,1599746000,1606232000,1616426000,1639305000,1653947000,1657878000,1659793000,1677490000,1707215000,1705928000,1725215000,1751524000,1765242000,1759530000,1797881000,1782639000,1775353000,1792891000,1812976000,1852983000,2031940000,2161656000,2157008000,2258832000,2316773000,2350294000,2400819000,2519525000,2513619000,2440022000,2407902000,2418508000,2518290000,2449804000,2465234000,2540116000,2550363000,2550584000,2565878000,2589060000,2615296000,2665555000,2651090000
RCFDB528,"Loans and leases , net of unearned income",366589000,364092000,318512000,305817000,305706000,317476000,317029000,319240000,318338000,335636000,344737405,342574593,341854476,345760179,359085740,375268016,388917784,496705257,519559449,538983066,556266710,598233743,596105062,620611221,610964221,637221648,633010455,644612960,657890875,651472249,652180246,695495110,662214173,707199084,708578864,720650042,714181751,708676029,699169035,709528023,723205899,737462823,747061188,742993661,724377807,715334936,723365012,741678157,750047000,772669000,780855000,775646000,766428000,761939000,746207000,847083000,846826000,857837000,856020000,872684000,877992000,881378000,885451000,881484000,881122000,892555000,904535000,914412000,912404000,914417000,910305000,929794000,929034000,948359000,958985000,969829000,1037608000,990773000,948818000,920520000,891833000,909651000,915286000,964385000,982986000,1019654000,1021597000,1035634000,1036248000,1042507000,1041835000,1044169000,1039059000,1047596000,1067422000,1088196000,1101856000,1137614000,1154699000
RCFD2170,Total assets,553509000,563844000,575020000,551649000,540610000,562116000,576004000,565423000,574410000,656219000,624722850,617857587,690572545,706888184,740695499,771594340,838247353,1047545743,1057306654,1082250290,1104944125,1160260442,1185580956,1196123794,1204471773,1252402412,1290376229,1312794218,1355154455,1327429079,1359070851,1470276918,1432862003,1449558377,1460147344,1465221449,1496322329,1518957843,1489197995,1482278257,1451386720,1456637584,1471122588,1459157302,1448261695,1445093157,1448273067,1474077383,1458091000,1429737000,1438859000,1433716000,1457856000,1454742000,1524575000,1574093000,1599746000,1606232000,1616426000,1639305000,1653947000,1657878000,1659793000,1677490000,1707215000,1705928000,1725215000,1751524000,1765242000,1759530000,1797881000,1782639000,1775353000,1792891000,1812976000,1852983000,2031940000,2161656000,2157008000,2258832000,2316773000,2350294000,2400819000,2519525000,2513619000,2440022000,2407902000,2418508000,2518290000,2449804000,2465234000,2540116000,2550363000,2550584000,2565878000,2589060000,2615296000,2665555000,2651090000
RCON6631,Noninterest-bearing,99230000,105056000,100085000,113743000,109453000,101273000,117973000,123219000,121461000,133497000,123289050,119385447,122086839,122863161,126836966,134010783,137778000,176773245,176720126,181518995,177644543,175012705,171073248,182936874,176232353,173645923,166260789,182601534,185592626,189640982,192205413,217976050,237668660,250382478,251321624,277340456,264606619,271281136,278184614,294866981,300587738,314705406,334848229,345343425,350422274,366747761,381153728,387132383,370676000,365054000,389565000,389809000,389832000,402638000,397773000,405759000,423994000,422887000,439310000,451394000,443725000,430431000,448659000,464282000,463939000,476481000,481630000,463296000,469555000,466110000,461304000,457058000,426624000,428686000,416695000,444967000,560667000,673661000,715038000,750807000,773784000,793480000,821017000,864242000,846528000,805390000,760234000,712379000,682109000,640015000,601232000,595871000,584913000,570142000,545722000,562296000,561660000,574834000,566261000
RCFD3190,. 16. Other borro wed mone y (includes mor tgage indebtedness and ob ligations under capitaliz ed,35821000,32817000,18046000,16601000,16906000,22886000,25333000,17955000,15528000,27857000,27562018,25745531,36315002,37059986,30684999,30763752,42293009,47791797,49962395,58743774,42949218,68195307,75428972,80371603,87101100,94493568,120448204,102793792,115120310,94597272,85137278,110928381,142862980,119828292,110301869,116903240,130542083,111605808,90848278,71987225,67710694,60463273,47192046,47391090,45307189,39536551,37585287,32738338,41274000,49350000,42518000,47976000,59847000,58815000,47450000,55780000,56491000,67987000,60682000,58203000,55335000,56495000,50750000,44507000,64764000,58518000,54865000,56080000,57446000,64389000,59609000,46609000,45219000,53861000,66891000,41772000,44630000,26362000,23558000,23800000,22693000,23374000,21263000,19865000,18818000,18692000,19036000,24735000,56413000,47530000,66763000,63163000,63466000,65115000,65986000,62335000,66923000,65596000,84439000
RCFD3000,Minor ity interest in consolidated subsidiaries,1364000,243000,657000,687000,709000,760000,758000,755000,598000,889000,892696,953895,1089914,1252688,1301438,1373343,1438210,1575394,1625169,1660752,1680152,1737882,1774729,1820684,1822466,1843269,1766144,1783796,1793088,1705962,1719058,496768,427350,391396,409838,526943,525590,526125,428402,8488305,421808,417256,415522,380241,364470,356357,355284,40734,40000,40000,40000,40000,18000,19000,19000,10000,10000,10000,10000,9000,9000,9000,10000,10000,10000,10000,9000,9000,9000,9000,9000,10000,10000,10000,10000,10000,10000,10000,10000,10000,11000,0,0,0,0,0,0,0,0,0,0,0,0,0,0,0,0,0,0
RCFD2948,Total liabilities,501040000,512335000,521857000,498364250,491194000,511454000,524835000,513429000,524393000,605592000,575262468,567797811,639830626,655629114,687080837,716533847,780663723,943917989,954036132,978166855,1000820651,1056180417,1073326929,1084776706,1093847519,1141965731,1179831434,1202530204,1242214842,1216984464,1243581785,1336942149,1297138898,1299166371,1296941861,1298530760,1328077530,1349137652,1318787496,1302464744,1277175884,1280325276,1291051267,1281297032,1271951505,1265806391,1267839106,1296579018,1278717000,1252047000,1258349000,1254983000,1277737000,1272042000,1342483000,1371723000,1396235000,1404838000,1413741000,1437792000,1445797000,1447814000,1448207000,1471281000,1502146000,1498943000,1516175000,1543740000,1559529000,1554209000,1593308000,1574911000,1565258000,1580291000,1601338000,1640825000,1824468000,1951650000,1943133000,2040217000,2096341000,2124998000,2172437000,2283098000,2284227000,2209100000,2178965000,2193059000,2285819000,2219795000,2236225000,2303910000,2313030000,2311228000,2322190000,2343578000,2368372000,2415015000,2399523000
RCFD1754,Held-to-maturity securities,1131000,1116000,1102000,1036000,1029000,1012000,1003000,1014000,915000,262000,504452,229075,226328,17293,13572,10981,8647,169083,132396,47268,74097,60675,56483,40579,925669,994687,518196,491265,862250,1265327,1246557,681984,415408,2066635,2367332,3018788,90161,182689,181306,181305,181291,180695,26458178,35265406,34205133,35167513,39897926,49480678,49577000,54922000,54649000,55150000,55120000,60022000,60175000,59766000,59815000,60072000,66573000,84625000,97978000,102279000,112409000,117071000,116033000,119008000,122345000,125013000,123539000,163013000,194472000,203157000,198351000,199877000,189918000,214725000,254190000,268678000,338365000,438278000,575995000,651394000,683054000,674513000,672135000,658204000,643664000,632784000,624446000,614066000,603303000,594550000,586858000,577361000,567548000,558672000,550714000,541279000,531408000
RCFD2160,Other assets,38484000,35087000,47348000,46799000,35602000,34986000,37830000,37221000,38268000,44886000,59019429,43493702,43780888,40878356,45314158,48209100,50484710,56042237,54626596,58042644,60612411,57100821,97786380,61890287,58686116,61902658,66809525,62777263,70735135,60743191,61408898,95563530,97070405,104519377,126683405,114842592,126603382,129389611,122687454,116719601,130831804,111925340,117911854,106336929,103728522,94274343,91177905,101004501,84827000,85508000,84312000,76395000,81284000,72511000,73772000,73463000,74823000,71537000,71081000,68724000,63346000,65528000,64619000,81589000,79453000,65088000,63386000,65039000,65074000,65259000,63120000,64468000,63976000,64842000,63317000,63095000,76559000,67518000,67650000,71809000,69513000,73956000,74005000,75457000,74344000,78031000,76526000,74925000,83776000,82239000,80594000,84932000,82395000,84517000,84106000,83213000,90063000,88128000,93294000
RCFD2130,Investment in unconsolidated subsidiaries and associated companies,533000,526000,570000,563000,564000,557000,521000,470000,385000,370000,367350,396145,534894,2277776,2555380,2621029,2730259,3826916,3830505,4275638,4335759,4686061,4829516,5193122,5242666,4819363,5035091,5407307,5383911,5818809,5779048,6163280,5993703,6031029,6081064,6375965,6009924,5919356,5853695,5822801,5759287,6355032,5620473,5550999,5582210,5550120,5533854,5506807,5399000,5387000,5458000,5569000,5537000,5487000,5406000,4156000,4118000,4077000,4053000,4047000,3973000,3946000,3955000,3964000,4025000,3934000,3895000,4009000,4079000,4014000,3932000,4011000,2798000,2787000,754000,741000,650000,615000,35000,15000,15000,15000,15000,11923000,12077000,11814000,11604000,13141000,13358000,13306000,13131000,13807000,13344000,13050000,12816000,12550000,12082000,11408000,11135000
RCFDB529,".d. d. Loans and leases , net of unearned income and allowance (item .b minus .c) .........",360121000,357639000,312328000,299881000,299777000,311807000,311432000,313631000,312642000,330034000,339393184,337945547,337495435,341366410,354829317,371282283,385029346,491514006,514592774,534396992,551739777,593755151,591781495,616545154,607168827,633422163,629009881,639967921,651301213,643131007,642933196,684379904,648611270,686977580,685655104,696680506,688700681,683042365,674532400,685081974,698306598,712548160,722851919,719090142,701073814,693197259,704703396,724615103,734367000,757712000,767428000,763683000,755090000,750975000,735715000,833032000,833518000,845114000,843657000,860725000,866170000,869780000,873991000,870463000,870228000,881869000,894011000,904175000,902295000,904499000,900674000,920272000,919523000,938881000,949593000,960445000,1021867000,971411000,929252000,901741000,875680000,895567000,902142000,952017000,970913000,1007712000,1009322000,1022983000,1023753000,1029594000,1028593000,1030891000,1025894000,1034387000,1054194000,1074977000,1088613000,1124336000,1141463000
RCFD5369,Loans and leases held for sale,5678000,7311000,26428000,8350000,6528000,6103000,8951000,13560000,14987000,17201000,11667296,8624928,12772993,8475033,7354677,7476554,8720355,13227530,15074540,12724056,20559645,19268796,26471965,17949558,34675452,30352446,29823320,29400518,28984238,22148769,16692774,16825059,17149500,41144154,31001324,35150563,27439656,30693086,25463935,28644995,19788649,14756174,11279800,7856557,9060274,9746614,12854326,14319262,16448000,12189000,12544000,8665000,10212000,8587000,7393000,12350000,9514000,6712000,8677000,7040000,5792000,8427000,10231000,8735000,14395000,5591000,12935000,11192000,8886000,6291000,5302000,10065000,6007000,5178000,9594000,8938000,7678000,7200000,4259000,9053000,7731000,8034000,9181000,15410000,10063000,6477000,7462000,6716000,6657000,6638000,7449000,5861000,8441000,6935000,10243000,9457000,6778000,5307000,6740000
RCFD3123,Allowance for loan and leases losses,6468000,6453000,6184000,5936000,5929000,5669000,5597000,5609000,5696000,5602000,5344221,4629046,4359041,4393769,4256423,3985733,3888438,5191251,4966675,4586074,4526933,4478592,4323567,4066067,3795394,3799485,4000574,4645039,6589662,8341242,9247050,11115206,13602903,20221504,22923760,23969536,25481070,25633664,24636635,24446049,24899301,24914663,24209269,23903519,23303993,22137677,18661616,17063054,15680000,14957000,13427000,11963000,11338000,10964000,10492000,14051000,13308000,12723000,12363000,11959000,11822000,11598000,11460000,11021000,10894000,10686000,10524000,10237000,10109000,9918000,9631000,9522000,9511000,9478000,9392000,9384000,15741000,19362000,19566000,18779000,16153000,14084000,13144000,12368000,12073000,11942000,12275000,12651000,12495000,12913000,13242000,13278000,13165000,13209000,13228000,13219000,13243000,13278000,13236000
RCFD3632,Retained ear nings,15363000,16012000,15230000,17027593,13122000,13452000,13833000,14114000,13203000,13530000,14009093,15281096,15932260,16786635,18018093,19577314,21891887,24700670,25755881,27418543,28552049,30331393,32349987,31978059,30973177,33010776,31755966,29940139,29230085,29297181,29707039,26927834,25439745,27410967,27286050,26612424,27563827,26222239,27616799,30603561,29285068,29795608,30763704,30278689,29038825,30481364,29499324,28519245,33676000,35045000,36903000,36952000,37121000,37383000,37847000,31039000,30830000,31088000,30674000,31322000,35036000,35737000,37627000,37288000,36250000,37497000,36597000,35895000,38774000,39381000,39715000,40005000,47355000,47501000,45875000,46386000,37188000,39517000,43100000,47988000,50750000,54366000,57925000,58706000,59536000,64348000,67879000,64120000,68585000,68191000,68302000,70893000,72303000,73910000,74667000,77290000,77023000,79240000,79226000
RCFN6636,Interest-bearing,53628000,62744000,56574000,54792000,46946000,46272000,45162000,42613000,49589000,51559000,41513569,50696679,81263657,77243906,87668698,87552040,94876192,102125303,107342405,113391567,126166460,129760523,134205355,152254601,155619922,175735550,170618215,160965187,144187025,160732292,170477681,195872092,178083875,186945556,192293430,167405113,172884220,174272686,197513772,195452249,194551663,108014484,109319534,100923756,108639907,64494562,67903733,66609555,64937000,65863000,70074000,71915000,74193000,74266000,66794000,61920000,61973000,65101000,65315000,67339000,72600000,80823000,74061000,65092000,63903000,68372000,67278000,70986000,71690000,64961000,77400000,68175000,67492000,71264000,71696000,79029000,77995000,75938000,75982000,90496000,80505000,88804000,79267000,89748000,79938000,82399000,78911000,91296000,93146000,93369000,93663000,104716000,100749000,101179000,107318000,111687000,112909000,119009000,121733000
RCFD3545,Trading assets,44301000,45223000,54141000,45149000,52265000,64830000,64287000,66439000,69409000,75785000,71669787,72307201,76175686,76552509,92324718,74530033,93971057,99755158,90000853,91479043,86164011,97848261,102288569,105287589,120333363,133323017,131006607,121808574,139689232,110930638,130646697,130519836,94902251,67785888,77887004,61191062,62654028,64856404,68382218,66969589,61115026,54485747,66501071,63373297,67029809,77954029,81879113,87319703,120390000,106805000,85671000,89265000,84233000,86274000,84584000,83922000,87040000,80218000,76199000,67757000,75057000,75765000,75886000,73139000,76708000,88220000,76729000,87316000,83475000,94076000,99175000,77357000,83339000,83871000,85408000,77464000,80071000,88618000,110007000,69139000,121644000,112612000,106167000,85703000,143553000,146371000,148307000,137739000,127304000,111097000,107654000,91535000,104959000,105408000,112377000,114329000,126097000,126147000,119717000